73;"Pulsar"
71;"fl.controls.CheckBox"
70;"CheckBox_selectedDisabledIcon"
68;"CheckBox_selectedDownIcon"
67;"CheckBox_selectedOverIcon"
66;"CheckBox_selectedUpIcon"
63;"CheckBox_disabledIcon"
61;"CheckBox_downIcon"
59;"CheckBox_overIcon"
57;"CheckBox_upIcon"
55;"fl.controls.RadioButton"
54;"RadioButton_selectedDisabledIcon"
53;"RadioButton_selectedDownIcon"
52;"RadioButton_selectedOverIcon"
51;"RadioButton_selectedUpIcon"
47;"RadioButton_disabledIcon"
45;"RadioButton_downIcon"
43;"RadioButton_overIcon"
41;"RadioButton_upIcon"
39;"fl.controls.Button"
38;"Button_upSkin"
36;"Button_selectedUpSkin"
34;"Button_selectedOverSkin"
32;"Button_selectedDownSkin"
30;"Button_selectedDisabledSkin"
28;"Button_overSkin"
26;"Button_emphasizedSkin"
24;"Button_downSkin"
22;"Button_disabledSkin"
20;"fl.controls.Slider"
19;"focusRectSkin"
17;"SliderTrack_disabledSkin"
15;"SliderTick_skin"
13;"SliderTrack_skin"
11;"SliderThumb_disabledSkin"
9;"SliderThumb_downSkin"
7;"SliderThumb_overSkin"
5;"SliderThumb_upSkin"
3;"fl.core.ComponentShim"
0;"pulsarPeriodSim001_fla.MainTimeline"
